{
    "root_group": {
        "groups": [],
        "checks": [
            {
                "name": "is status 200, fetchItems",
                "path": "::is status 200, fetchItems",
                "id": "a2f837da6261d10273a5fbd517609df4",
                "passes": 1,
                "fails": 0
            },
            {
                "name": "is status 200, addItemToCart",
                "path": "::is status 200, addItemToCart",
                "id": "517fffb5d3ddfe65d6398d85732fb374",
                "passes": 10,
                "fails": 0
            },
            {
                "name": "is status 200, createOrder",
                "path": "::is status 200, createOrder",
                "id": "a1482331de22b374108bfa9d6c8c6d7d",
                "passes": 1,
                "fails": 0
            },
            {
                "name": "is status 200, fetchInvoice",
                "path": "::is status 200, fetchInvoice",
                "id": "dd7f73d4c6c583775eb900911ee26952",
                "passes": 1,
                "fails": 0
            },
            {
                "path": "::is status 200, pay",
                "id": "ddb1d9fa6b06253cb7a2702f5d36e365",
                "passes": 1,
                "fails": 0,
                "name": "is status 200, pay"
            }
        ],
        "name": "",
        "path": "",
        "id": "d41d8cd98f00b204e9800998ecf8427e"
    },
    "options": {
        "summaryTrendStats": [
            "avg",
            "min",
            "med",
            "max",
            "p(90)",
            "p(95)"
        ],
        "summaryTimeUnit": "",
        "noColor": false
    },
    "state": {
        "isStdErrTTY": true,
        "testRunDurationMs": 3619.572,
        "isStdOutTTY": true
    },
    "metrics": {
        "http_req_duration{expected_response:true}": {
            "type": "trend",
            "contains": "time",
            "values": {
                "avg": 257.4856428571428,
                "min": 32.022,
                "med": 156.38400000000001,
                "max": 1188.422,
                "p(90)": 510.1730000000001,
                "p(95)": 840.1578499999997
            }
        },
        "iteration_duration": {
            "type": "trend",
            "contains": "time",
            "values": {
                "min": 3618.989167,
                "med": 3618.989167,
                "max": 3618.989167,
                "p(90)": 3618.989167,
                "p(95)": 3618.989167,
                "avg": 3618.989167
            }
        },
        "http_req_sending": {
            "values": {
                "med": 0.0275,
                "max": 0.049,
                "p(90)": 0.046,
                "p(95)": 0.04705,
                "avg": 0.031642857142857146,
                "min": 0.02
            },
            "type": "trend",
            "contains": "time"
        },
        "http_req_failed": {
            "type": "rate",
            "contains": "default",
            "values": {
                "rate": 0,
                "passes": 0,
                "fails": 14
            }
        },
        "http_reqs": {
            "type": "counter",
            "contains": "default",
            "values": {
                "count": 14,
                "rate": 3.8678606199849046
            }
        },
        "http_req_duration": {
            "type": "trend",
            "contains": "time",
            "values": {
                "p(90)": 510.1730000000001,
                "p(95)": 840.1578499999997,
                "avg": 257.4856428571428,
                "min": 32.022,
                "med": 156.38400000000001,
                "max": 1188.422
            }
        },
        "vus_max": {
            "type": "gauge",
            "contains": "default",
            "values": {
                "value": 1,
                "min": 1,
                "max": 1
            }
        },
        "data_sent": {
            "type": "counter",
            "contains": "data",
            "values": {
                "count": 2264,
                "rate": 625.4883174032732
            }
        },
        "iterations": {
            "type": "counter",
            "contains": "default",
            "values": {
                "count": 1,
                "rate": 0.2762757585703503
            }
        },
        "http_req_tls_handshaking": {
            "type": "trend",
            "contains": "time",
            "values": {
                "p(90)": 0,
                "p(95)": 0,
                "avg": 0,
                "min": 0,
                "med": 0,
                "max": 0
            }
        },
        "http_req_receiving": {
            "type": "trend",
            "contains": "time",
            "values": {
                "avg": 4.487571428571428,
                "min": 0.069,
                "med": 0.1015,
                "max": 61.417,
                "p(90)": 0.1648,
                "p(95)": 21.603849999999966
            }
        },
        "http_req_connecting": {
            "type": "trend",
            "contains": "time",
            "values": {
                "med": 0,
                "max": 0.166,
                "p(90)": 0,
                "p(95)": 0.05809999999999991,
                "avg": 0.011857142857142858,
                "min": 0
            }
        },
        "checks": {
            "values": {
                "rate": 1,
                "passes": 14,
                "fails": 0
            },
            "type": "rate",
            "contains": "default"
        },
        "http_req_waiting": {
            "values": {
                "p(90)": 510.0422000000001,
                "p(95)": 840.0120999999997,
                "avg": 252.96642857142857,
                "min": 31.919,
                "med": 156.226,
                "max": 1188.273
            },
            "type": "trend",
            "contains": "time"
        },
        "vus": {
            "type": "gauge",
            "contains": "default",
            "values": {
                "value": 1,
                "min": 1,
                "max": 1
            }
        },
        "data_received": {
            "type": "counter",
            "contains": "data",
            "values": {
                "count": 435485,
                "rate": 120313.94872100902
            }
        },
        "http_req_blocked": {
            "type": "trend",
            "contains": "time",
            "values": {
                "min": 0.004,
                "med": 0.006,
                "max": 2.197,
                "p(90)": 0.01,
                "p(95)": 0.7754499999999989,
                "avg": 0.16307142857142848
            }
        }
    }
}